_126 ,KAPITALISERING AV HENSTANDSRTE
_127 ,BET. DIR. UTLEGG, ANDRE
_128 ,ENDELIG ETTERGIVELSE AV SALDO
_129 ,BETINGET ETTERGIVELSE AV SALDO
_130 ,BETETALING ORDINÆR RENTE
_131 ,BET.RENTE VED FOR SEN BETALING
_132 ,DØDSRISIKO FORSIKRINGSPREMIE
_133 ,INVALIDITETS FORSIKRINGSPREMIE
_134 ,ULYKKES FORSIKRINGSPREMIE
_135 ,BET. FORSINKELSESRENTE
_136 ,BETALING AV OVERKURS
_137 ,ENDRINGSOMKOSTNINGER
_138 ,TERMINOMKOSTNINGER
_139 ,DEPOTOMKOSTNINGER
_140 ,BET.OPPFORDRINGSOMKOSTNINGER
_141 ,TERMINOMK. AUT. BEL. U/OPPG.
_142 ,TERMINOMK. AUT. BEL. M/OPPG.
_143 ,FAKTURERINGSOMKOSTNINGER
_144 ,DIVERSEOMKOSTN. FRADRAGSBER.
_145 ,DIVERSEOMKOSTN. IKKE FRADRAGSB
_146 ,DIREKTE UTLEGG, RETTSGEBYR
_147 ,RENTE VED FOR SEN BETALING
_148 ,OVERKURS
_149 ,DIREKTE UTLEGG, ANDRE
_150 ,INNBETALING M/REG. AV BEV.
_151 ,MINIBANK-UTTAK I FREMMED BANK
_152 ,SALDOFORESPØRSEL MB EGEN BANK
_153 ,SALDOFORESPØRSEL MB ANNEN BANK
_154 ,AVSLUTNING TAPSFØRING
_155 ,AUTO-GIRO
_156 ,AVTALEGIRO
_157 ,IGANGSATT AVTALEGIRO
_158 ,BELASTNING AV VPS-GEBYRER
_159 ,GIROBET. TIL INNSAMLINGSKONTO
_160 ,TELEGIROBETALING
_161 ,TELEGIROBETALING PÅ FORFALL
_162 ,TELEGIROOVERFØRSEL U/MELDING
_163 ,TELEGIRO I DAG M/MELDING
_164 ,TELEGIRO FREM I TID M/MELDING
_167 ,TELEFONOVERFØRSEL
_168 ,KONTOFONOVERFØRSEL
_176 ,POSTERING BLOKKERT/SPERRET KTO
_178 ,REG SALDO UNDERKTI TILL.BEV.
_179 ,REG SALDO UNDERKTI ORD.BEV.
_180 ,KORR HBOKF/IKKE HBOKF K. I KKS
_181 ,JUSTERING DAGSOMS.VERDI I NOK
_190 ,GIRO
_191 ,GIRO
_192 ,GIRO
_193 ,DAGSOPPGJØR
_194 ,VISA ELEKTRON
_195 ,SWEEP OUT
_196 ,SWEEP IN
_200 ,NETTBANK OVERFØRSEL EGNE KONTI
_201 ,NETTGIRO MED KID FORFALL I DAG
_202 ,NETTGIRO M/KID PÅ FORFALLSREG.
_203 ,NETTGIRO M/MELD. FORFALL I DAG
_204 ,NETTGIRO M/MELD. PÅ FORFALL
_205 ,NETTBANK
_206 ,NETTBANKOVERFØRSEL
_207 ,NETTBANKOVERFØRSEL
_210 ,OVERFØRSEL EGNE KONTI NETTBANK
_211 ,REGNINGSBETALING M/KID I DAG
_212 ,REGNINGSBETALING M/KID FORFDTO
_213 ,GIRO M/MELDING I DAG
_214 ,GIRO M/MELDING M/FORFALLSDATO
_220 ,ALTERNATIV FORDELING
_221 ,INGEN FORDELING
_222 ,ORDINÆR FORDELING
_223 ,ALTERNATIV FORDELING
_224 ,FLYTTING INNEN SPAREAVTALE
_225 ,INNLØSNING I FOND
_226 ,UTBETALT FRA SPAREAVTALE
_227 ,REINVESTERING IPA AVTALE
_228 ,FJORÅRETS INNSKUDD IPA
_229 ,TILBAKEF AV FJORÅRETS INNSKUDD
_230 ,OVERFØRING AV IPA
_231 ,AVSL IPA, DØDSFALL, ENGANGSUTB
_232 ,RATEUTBETALINGER IPA
_233 ,TILBAKEFØRING AV KAP. RENTER
_234 ,TILBAKEFØRING AV KAP. GEBYRER
_235 ,FLYTTING AV IPA
_236 ,FLYTTING AV IPA - BEGUNSTIGET
_237 ,INNSKUDD I UTBETALINGSPERIODEN
_238 ,ARVEOPPGJØR TIL BEGUNSTIGET
_239 ,INNSKUDD I FJOR
_240 ,BETALT RENTE TRINN2
_241 ,BETALT RENTE TRINN3
_242 ,BETALT FORSKUDDSRENTE
_243 ,BET. FORSKUDD FORSIKR.PREMIE
_244 ,BET. FORSKUDD FORSIKR.PREMIE
_245 ,BET. FORSKUDD FORSIKR.PREMIE
_246 ,BETALING RENTETYPE 713
_247 ,KAPITALISERING RENTETYPE 713
_248 ,BETALING AVTELEGIROOMK.
_249 ,BETALING RENTEGARANTI
_250 ,ETABLERINGSOMKOSNINGER
_251 ,DEPOT OMKOSTNINGER
_252 ,DIVERSE OMKOSTNINGER
_253 ,DIVERSE OMKOSNTINGER
_254 ,DIREKTE UTLEGG RETTSGEBYR
_255 ,DIREKTE UTLEGG ANDRE
_260 ,OVERF. EGNE KONTI MOBILBANK
_261 ,MOBILGIRO M/KID, FORF. I DAG
_262 ,MOBILGIRO M/KID, TIL FORFALL
_263 ,MOBILGIRO M/MELD. FORF. I DAG
_264 ,MOBILGIRO M/MELD. TIL FORFALL
_265 ,OVERF. EGNE KONTI MOBILBANK
_266 ,OVERF. EGNE KONTI MOBILBANK
_267 ,OVERF. EGNE KONTI MOBILBANK
_280 ,REINVESTERT IPA AVTALE
_281 ,TILBF. AV UTBET. BELØP I ÅR
_282 ,TILBF. AV UTBET. BELØP I FJOR
_300 ,RENTER
_301 ,OVERFØRSEL UTLAND
_302 ,GEBYRFRI OVERFØRSEL
_303 ,DEPOSIT
_304 ,KONTOREGULERING
_305 ,ARBITRAGE
_306 ,OVERFØRSEL INNENLANDS
_307 ,AGIO
_308 ,TILBAKEFØRING
_309 ,TILBAKEFØRSEL SJEKKER
_310 ,UTENLANDSK SJEKK
_311 ,TERMINFORRETNING
_312 ,GEBYR
_313 ,KORREKSJON
_314 ,BEKREFTET REMBURS
_315 ,VEKSEL-INKASSO INNLAND
_316 ,DOKUMENT-INKASSO INNLAND
_317 ,DOKUMENT-INKASSO UTLAND
_318 ,VEKSEL-INKASSO UTLAND
_319 ,INKASSO
_320 ,KJØP/SALG VALUTA
_321 ,UBEKREFTET REMBURS
_323 ,RENTESWAP
_324 ,RENTEVALUTASWAP
_325 ,FUTURES
_326 ,OPSJONER
_327 ,DISKONT. & INNB. LÅN I SYSCON
_407 ,ALARM VISAKORT
_439 ,KONTOFON
_500 ,E-FAKTURA NETTBANK M/KID
_501 ,E-FAKTURA NETTBANK M/MELDING
_502 ,E-FAKTURA WAP M/KID
_503 ,E-FAKTURA WAP M/MELDING
_504 ,E-FAKTURA AVTALEGIRO
_505 ,E-FAKT.AVTALEGIRO KREDITORBET.
_510 ,KREDITORBETALT AVTALEGIRO
_511 ,FINANS.INSTRUMENT(AKSJEHANDEL)
_512 ,FONDSANDELER
_513 ,LADING AV PENGEKORT
_514 ,TILBAKEFØRING AV PENGEKORT
_515 ,PENGEKORT, OPPGJØR VED BUTIKK
_518 ,TILBAKEFØRT AVSENDER
_520 ,BEDRIFTSTERMINAL OPPGAVE
_521 ,BEDRIFTSTERMINAL OVERFØRSEL
_522 ,TILBAKEFØRT GIRO UTBETALING
_530 ,SUMPOST OCR M/UNDERSPES.
_580 ,INNBETALING TIL INNSKUDDSFOND
_581 ,INNBETALING TIL MEDLEMMET IBP
_600 ,KAPITALISERT AVTALEGIROOMK.
_601 ,KAPITALISERT RENTEGARANTI
_701 ,MASTERCARD VAREKJØP
_702 ,MASTERCARD KONTANTUTTAK
_703 ,GJENSIDIGE BANK SPOR2
_704 ,GJENSIDIGE KAPITAL SPOR 2
_705 ,EUROSJEKK
_707 ,DINERS
_708 ,VAREKJØP VERIFIED BY VISA
_709 ,VARER
_710 ,VARER
_712 ,EUROSJEKK
_713 ,TILBAKEFØRT EUROSJEKK
_714 ,VISA VARE
_715 ,KONTANTUTTAK
_716 ,INNSKUDD AJOURFØRT
_717 ,UTTAK AJOURFØRT
_718 ,MINIBANK
_719 ,MINIBANK
_720 ,ÅPNING AV KONTO
_721 ,POST VAREKJØP
_723 ,TILBAKEFØRSEL
_724 ,VAREKJØP POSTBANKKORT
_725 ,POSTKORT KONTANT
_726 ,UTTAK UTEN GEBYR
_727 ,UTTAK MED GEBYR
_728 ,AVSLUTTNING UTEN GEBYR
_729 ,AVSLUTTNING AV KONTO
_735 ,OVERFØRT TIL ANNEN KTO
_736 ,OVERFØRT TIL ANNEN KTO
_737 ,INNSKUDD PÅ KONTO ÅPN. I SERVO
_739 ,BELASTET KONTO ETTER AVTALE
_743 ,DEBETRENTER
_744 ,DEBETRENTER
_745 ,KREDITRENTER
_746 ,PROVISJON
_747 ,DEBETRENTER
_748 ,DEBETRENTER
_749 ,DEBETRENTER
_750 ,DEBETRENTER
_751 ,DEBETRENTER
_752 ,BRUKSRENTER
_753 ,TRAPPERENTE 1
_754 ,TRAPPERENTE 2
_755 ,TRAPPERENTE 3
_756 ,TILLEGGSPROVISJON
_757 ,UTNYTTELSESPROVISJON
_758 ,OVERTREKKSPROVISJON
_759 ,ORDINÆRPROVISJON
_760 ,GEBYR
_761 ,VISA TRANSAKSJONSGEBYR
_762 ,ÅRSPRIS PREMIER CARD
_763 ,GARANTIPROVISJON
_764 ,MOMS
_765 ,ETABLERINGSOMKOSTNINGER
_766 ,FORSIKRINGSPROVISJON
_767 ,TRAPPERENTE 4
_768 ,PURREOMKOSTNINGER
_769 ,OMKOSTNINGER
_770 ,SALDO OVERFØRSEL
_771 ,SALDO OVERFØRSEL
_772 ,AVREGNING
_773 ,KORREKSJON SALDO AVREGNINGSKTO
_774 ,KORREKSJON SALDO
_775 ,KORREKSJON SALDO
_776 ,TRAPPERENTE 5
_778 ,GEBYR MOT ANNEN KONTO
_779 ,FRADRAGSBER. GEBYR ANNEN KONTO
_791 ,FLER-KONTO-RENTE 2
_792 ,UTTAKSGEBYR FASTRENTEINNSKUDD
_793 ,FLER-KONTO-RENTE 1
_794 ,ÅRSBONUS
_795 ,UTTAKSGEBYR
_796 ,UTNYTTELSESPROVISJON-2
_797 ,OVER/UNDERKURS FASTRENTEINNSK.
_798 ,BONUSRENTE
_799 ,FLER-KONTO-RENTE 3
_800 ,REGULERING RENTE SEN BETALING
_801 ,REGULERING FORSINKELSESRENTE
_802 ,REGULERING AV HENSTANDSRENTE
_803 ,ENDELIG ETTERG. ORDINÆR RENTE
_804 ,ENDELIG ETTERG. FORSINK.RENTE
_805 ,BETINGET ETTERG. ORDINÆR RENTE
_806 ,BETINGET ETTERG. FORSINK.RENTE
_807 ,REGULERING RENTE TRINN 2
_808 ,REGULERING RENTE TRINN 3
_809 ,DIREKTE KOSTNAD
_843 ,REGULERING DEBETRENTE
_845 ,REGULERING DEBETRENTE
_846 ,REGULERING DEBETRENTE
_847 ,REGULERING DEBETRENTE
_848 ,REGULERING DEBETRENTE
_849 ,REGULERING DEBETRENTE
_851 ,REGULERING DEBETRENTE
_852 ,REGULERING KREDIT RENTE
_853 ,REGULERING KREDIT RENTE
_854 ,REGULERING KREDIT RENTE
_855 ,REGULERING KREDIT RENTE
_856 ,REGULERING PROVISJON
_857 ,REGULERING PROVISJON
_858 ,REGULERING PROVISJON
_859 ,REGULERING PROVISJON
_860 ,REGULERING RENTESTØTTE/GEBYR
_861 ,REGULERT RENTEGARANTI
_867 ,REGULERING KREDIT RENTE
_871 ,REGULERING MAKSIMALT OVERTREKK
_872 ,UTTAK
_876 ,REGULERING KREDIT RENTE
_878 ,KORR. TILL.BEV.
_879 ,KORR. ORD.BEV.
_888 ,KORT-TRANSAKSJONER
_891 ,FLER-KONTO-RENTE
_892 ,UTTAKSGEBYR FASTRENTEINNSKUDD
_893 ,FLER-KONTO-RENTE
_895 ,UTTAKSGEBYR
_896 ,PROVISJON
_897 ,OVER/UNDERKURS FASTRENTEINNSK.
_898 ,BONUSRENTE
_899 ,FLER-KONTO-RENTE
_901 ,INNBETALING
_902 ,UTBETALING
_903 ,SJEKK
_904 ,GIRO
_905 ,INKASSO
_909 ,TILBAKEFØRSEL
_911 ,INNSKUDD
_912 ,UTTAK
_913 ,LØNN
_914 ,OVERFØRSEL
_921 ,BEKREFTELSE SJEKK
_922 ,BEKREFTELSE MINIBANK
_923 ,BEKREFTELSE POS
_924 ,BEKREFTELSE UTTAK
_925 ,BEKREFTELSE GIRO
_930 ,BEKREFTELSE GIRO (AUTOGIRO)
_931 ,BEKREFTELSE GIRO (PRIVAT)
_932 ,DIREKTE REMITTERINGER
_933 ,BEKREFTELSE BETALINGSSERVICE
_938 ,MINIBANK BBS BEKREFTELSE
_939 ,PENGEKORT BEKREFTELSE BALTUS
_941 ,BEKREFTELSE MBUTTAK UTLAND
_942 ,TBF. BEKREFTELSE MBUTT. UTLAND
_943 ,BEKREFTELSE BANKAXEPT
_944 ,BEKR. BELØP VERDIPAPIRHANDEL
_946 ,BEKREFTELSE VISA
_947 ,BEKREFTELSE EUROCARD
_949 ,TILBAKEFØRSEL BEKREFTELSE VISA
_950 ,BEKREFTELSE VALUTA
G_001,INNBETALING
G_002,UTBETALING
G_004,GIRO
G_007,IFLG. OPPGAVE
G_009,TILBAKEFØRSEL
G_011,INNSKUDD
G_014,OVERFØRSEL
G_023,BEREDSKAPSPROVISJON
G_051,MIN.PROV. FORSKUDD/ETTERSKUDD
G_053,ETABLERINGSGEBYR
G_093,ORD.PROV. FORSKUDD/ETTERSKUDD
G_157,IGANGSATT GIRO
G_160,TELEGIRO
G_161,TELEGIRO PÅ FORFALL
G_162,TELEGIRO TIL 3. MANN
G_163,GIRO M/MELDING I DAG
G_164,GIRO M/MELDING FREM I TID
G_202,REGN. BETALING M.KID VIA FORF.
R_001,INNBETALING
R_002,UTBETALING
R_003,SJEKK
R_004,GIRO
R_005,INKASSO
R_006,DISKONTERING
R_007,I FØLGE OPPGAVE
R_008,GODSKREVET KONTO ETTER AVTALE
R_009,TILBAKEFØRING
R_010,GIRO
R_011,INNSKUDD
R_012,UTTAK
R_013,LØNN
R_014,OVERFØRSEL
R_015,VALUTA
R_016,SKATT
R_017,LODD/GEVINST
R_018,HUSLEIE
R_019,TILBAKEFØRT FORSKUTTERT SKATT
R_020,MANUELL OVERFØRSEL EGNE KONTI
R_021,MANUELL OVERFØRSEL 3. MANN
R_022,DAGSOPPGJØR
R_023,INNSKUDD AUTOMAT
R_024,OVERFØRING FRA UTLANDET
R_025,KONTIGENT
R_026,AUTO-GIRO, KREDITORBETALT
R_027,MOMS/AVGIFT
R_028,TRYGD/STØNAD
R_029,KUPONGER
R_030,PENSJON
R_031,HYRETREKK
R_032,LANDBRUK
R_033,E-VERK
R_034,TELEFON
R_035,FORSIKRING
R_036,LÅN
R_037,FORVALTNING
R_038,TINGLYSNING
R_039,BOKSLEIE
R_040,VERDIPAPIR
R_041,INNSKUDD UTEN SPAREAVTALE
R_050,RENTER
R_051,PROVISJON
R_053,PRIS
R_054,OMKOSTNINGER
R_055,BARNETRYGD
R_056,AVTALE
R_057,SAMLEGIRO
R_058,GIRO
R_059,BANKREMISSE
R_060,MEG SELV SJEKK
R_061,NATTSAFE
R_062,OVERFØRSEL KONTOFON
R_063,EKSPRESSGIRO - PRIVATKUNDER
R_064,EKSPRESSGIRO - NÆRINGSLIVET
R_065,BSU-INNSKUDD FOR IFJOR
R_066,OVERFØRSEL KONTOFON TIL 3.PART
R_067,GIRO BLANKETT
R_068,VARER
R_069,UTTAK
R_070,ADVISERT GIRO
R_073,VAREKJØP
R_074,VISA-MINIBANKUTTAK
R_075,VISA-MINIBANKUTTAK
R_076,VISA-VAREKJØP
R_077,VISA-KONTANTUTTAK
R_078,EUROCARD
R_079,GIRO I MINIBANK
R_080,DIREKTE DEBITERING
R_081,DIREKTE DEBITERING
R_082,DIREKTE DEBITERING
R_083,DIREKTE DEBITERING
R_084,SUMPOST OCR-GIRO
R_085,SUMPOST AUTO-GIRO
R_086,MINIBANK UTLAND
V_145,DIVERSEOMKOSTN. IKKE FRADRAGSB
V_146,DIREKTE UTLEGG, RETTSGEBYR
V_147,RENTE VED FOR SEN BETALING
V_148,OVERKURS
V_149,DIREKTE UTLEGG, ANDRE
V_150,INNBETALING M/REG. AV BEV.
V_151,MINIBANK-UTTAK I FREMMED BANK
V_152,SALDOFORESPØRSEL MB EGEN BANK
V_153,SALDOFORESPØRSEL MB ANNEN BANK
V_154,AVSLUTNING TAPSFØRING
V_155,AUTO-GIRO
V_156,AVTALEGIRO
V_157,IGANGSATT AVTALEGIRO
V_158,BELASTNING AV VPS-GEBYRER
V_159,GIROBET. TIL INNSAMLINGSKONTO
V_160,TELEGIROBETALING
V_161,TELEGIROBETALING PÅ FORFALL
V_162,TELEGIROOVERFØRSEL U/MELDING
V_163,TELEGIRO I DAG M/MELDING
V_164,TELEGIRO FREM I TID M/MELDING
V_167,TELEFONOVERFØRSEL
V_168,KONTOFONOVERFØRSEL
V_176,POSTERING BLOKKERT/SPERRET KTO
V_178,REG SALDO UNDERKTI TILL.BEV.
V_179,REG SALDO UNDERKTI ORD.BEV.
V_180,KORR HBOKF/IKKE HBOKF K. I KKS
V_181,JUSTERING DAGSOMS.VERDI I NOK
V_190,GIRO
V_191,GIRO
V_192,GIRO
V_193,DAGSOPPGJØR
V_194,VISA ELEKTRON
V_195,SWEEP OUT
V_196,SWEEP IN
V_200,NETTBANK OVERFØRSEL EGNE KONTI
V_201,NETTGIRO MED KID FORFALL I DAG
V_202,NETTGIRO M/KID PÅ FORFALLSREG.
V_203,NETTGIRO M/MELD. FORFALL I DAG
V_204,NETTGIRO M/MELD. PÅ FORFALL
V_205,NETTBANK
V_206,NETTBANKOVERFØRSEL
V_207,NETTBANKOVERFØRSEL
V_210,OVERFØRSEL EGNE KONTI NETTBANK
V_211,REGNINGSBETALING M/KID I DAG
V_212,REGNINGSBETALING M/KID FORFDTO
V_213,GIRO M/MELDING I DAG
V_214,GIRO M/MELDING M/FORFALLSDATO
V_220,ALTERNATIV FORDELING
V_221,INGEN FORDELING
V_222,ORDINÆR FORDELING
V_223,ALTERNATIV FORDELING
V_224,FLYTTING INNEN SPAREAVTALE
V_225,INNLØSNING I FOND
V_226,UTBETALT FRA SPAREAVTALE
V_227,REINVESTERING IPA AVTALE
V_228,FJORÅRETS INNSKUDD IPA
V_229,TILBAKEF AV FJORÅRETS INNSKUDD
V_230,OVERFØRING AV IPA
V_231,AVSL IPA, DØDSFALL, ENGANGSUTB
V_232,RATEUTBETALINGER IPA
V_233,TILBAKEFØRING AV KAP. RENTER
V_234,TILBAKEFØRING AV KAP. GEBYRER
V_235,FLYTTING AV IPA
V_236,FLYTTING AV IPA - BEGUNSTIGET
V_237,INNSKUDD I UTBETALINGSPERIODEN
V_238,ARVEOPPGJØR TIL BEGUNSTIGET
V_239,INNSKUDD I FJOR
U_803,ENDELIG ETTERG. ORDINÆR RENTE
U_804,ENDELIG ETTERG. FORSINK.RENTE
U_805,BETINGET ETTERG. ORDINÆR RENTE
U_806,BETINGET ETTERG. FORSINK.RENTE
U_807,RT.T2
U_808,RT.T3
U_809,Direkte kostnader.
U_830,Kapitalisering renter
U_831,Kapitalisering debetrente
U_832,Kapitalisering kredittrente
U_839,Kapitalisering ord. provisjon
U_843,REGULERING DEBETRENTE
U_845,LIVSFORSIKRING
U_846,UFØREFORSIKRING
U_847,ULYKKESFORSIKRING
U_848,REGULERING DEBETRENTE
U_849,REGULERING DEBETRENTE
U_851,REGULERING DEBETRENTE
U_852,REGULERING KREDIT RENTE
U_853,REGULERING KREDIT RENTE
U_854,REGULERING KREDIT RENTE
U_855,REGULERING KREDIT RENTE
U_856,REGULERING PROVISJON
U_857,REGULERING PROVISJON
U_858,REGULERING PROVISJON
U_859,REGULERING PROVISJON
U_860,REGULERING RENTESTØTTE/GEBYR
U_861,REGULERT RENTEGARANTI
U_867,REGULERING KREDIT RENTE
U_871,REGULERING MAKSIMALT OVERTREKK
U_872,UTTAK
U_876,REGULERING KREDIT RENTE
U_878,KORR. TILL.BEV.
U_879,KORR. ORD.BEV.
U_888,KORT-TRANSAKSJONER
U_891,FLER-KONTO-RENTE
U_892,UTTAKSGEBYR FASTRENTEINNSKUDD
U_893,FLER-KONTO-RENTE
U_895,UTTAKSGEBYR
U_896,PROVISJON
U_897,OVER/UNDERKURS FASTRENTEINNSK.
U_898,BONUSRENTE
U_899,FLER-KONTO-RENTE
U_901,INNBETALING
U_902,UTBETALING
U_903,SJEKK
U_904,GIRO
U_905,INKASSO
U_909,TILBAKEFØRSEL
U_911,INNSKUDD
U_912,UTTAK
U_913,LØNN
U_914,OVERFØRSEL
U_921,BEKREFTELSE SJEKK
U_922,BEKREFTELSE MINIBANK
U_923,BEKREFTELSE POS
U_924,BEKREFTELSE UTTAK
U_925,BEKREFTELSE GIRO
U_930,BEKREFTELSE GIRO (AUTOGIRO)
U_931,BEKREFTELSE GIRO (PRIVAT)
U_932,DIREKTE REMITTERINGER
U_933,BEKREFTELSE BETALINGSSERVICE
U_938,MINIBANK BBS BEKREFTELSE
U_939,PENGEKORT BEKREFTELSE BALTUS
U_941,BEKREFTELSE MBUTTAK UTLAND
U_942,TBF. BEKREFTELSE MBUTT. UTLAND
U_943,BEKREFTELSE BANKAXEPT
U_944,BEKR. BELØP VERDIPAPIRHANDEL
U_946,BEKREFTELSE VISA
U_947,BEKREFTELSE EUROCARD
U_949,TILBAKEFØRSEL BEKREFTELSE VISA
U_950,BEKREFTELSE VALUTA
V_001,INNBETALING
V_002,UTBETALING
V_003,SJEKK
V_004,GIRO
V_005,INKASSO
V_006,DISKONTERING
V_007,I FØLGE OPPGAVE
V_008,GODSKREVET KONTO ETTER AVTALE
V_009,TILBAKEFØRING
V_010,GIRO
V_011,INNSKUDD
V_012,UTTAK
V_013,LØNN
V_014,OVERFØRSEL
V_015,VALUTA
V_016,SKATT
V_017,LODD/GEVINST
V_018,HUSLEIE
V_019,TILBAKEFØRT FORSKUTTERT SKATT
V_020,MANUELL OVERFØRSEL EGNE KONTI
V_021,MANUELL OVERFØRSEL 3. MANN
V_022,DAGSOPPGJØR
V_023,INNSKUDD AUTOMAT
V_024,OVERFØRING FRA UTLANDET
V_025,KONTIGENT
V_026,AUTO-GIRO, KREDITORBETALT
V_027,MOMS/AVGIFT
V_028,TRYGD
V_029,KUPONGER
V_030,PENSJON
V_031,HYRETREKK
V_032,LANDBRUK
V_033,E-VERK
V_034,TELEFON
V_035,FORSIKRING
V_036,LÅN
V_037,FORVALTNING
V_038,TINGLYSNING
V_039,BOKSLEIE
V_040,VERDIPAPIR
V_041,INNSKUDD UTEN SPAREAVTALE
V_050,RENTER
V_051,PROVISJON
V_053,PRIS
V_054,OMKOSTNINGER
V_055,BARNETRYGD
V_056,AVTALE
V_057,SAMLEGIRO
V_058,GIRO
V_059,BANKREMISSE
V_060,MEG SELV SJEKK
V_061,NATTSAFE
V_062,OVERFØRSEL KONTOFON
V_063,EKSPRESSGIRO - PRIVATKUNDER
V_064,EKSPRESSGIRO - NÆRINGSLIVET
V_065,BSU-INNSKUDD FOR IFJOR
V_066,OVERFØRSEL KONTOFON TIL 3.PART
V_067,GIRO BLANKETT
V_068,VARER
V_069,UTTAK
V_070,ADVISERT GIRO
V_073,VAREKJØP
V_074,VISA-MINIBANKUTTAK
V_075,VISA-MINIBANKUTTAK
V_076,VISA-VAREKJØP
V_077,VISA-KONTANTUTTAK
V_078,EUROCARD
V_079,GIRO I MINIBANK
V_080,DIREKTE DEBITERING
V_081,DIREKTE DEBITERING
V_082,DIREKTE DEBITERING
V_083,DIREKTE DEBITERING
V_084,SUMPOST OCR-GIRO
V_085,SUMPOST AUTO-GIRO
V_086,MINIBANK UTLAND
V_087,UTENLANDSK KORT I NORGE
V_088,OVERF. OPPGJØR FRA BET.TERM.
V_089,OVERF. OPPGJØR FRA BET.TERM.
V_090,INTERIMSTRANSER
V_091,AVREGNING TEAMCO/BBS
V_092,UTTREKK FRA VPS
V_093,MINIBANK GIRO
V_094,MINIBANK-UTTAK
V_095,MINIBANK OVERFøRING
V_096,MINIBANK OVERFøRING
V_097,MINIBANK OVERFøRING
V_099,MINIBANK OVERFØRING TIL 3.PART
V_101,FORFALLS-GIRO
V_102,FORFALLS-GIRO FRA GIROKASSE
V_103,FORFALLS-GIRO POSTGIRO
V_104,FORFALLS-GIRO UTBETALINGS-ANV.
V_105,OPPDRAG PÅ FORFALLSDATO
V_106,OVERFØRING PÅ FORFALLSDATO
V_110,BETALING TERMINOMKOSTNINGER
V_111,BETALING TERMINOMKOSTNINGER
V_113,BET. DIVERSEOMKOSTNINGER
V_114,BET. 1.GANGS PURREOMKOSTNINGER
V_115,BET. 2.GANGS PURREOMKOSTNINGER
V_116,BET. 3.GANGS PURREOMKOSTNINGER
V_117,BET. ENDRINGSOMKOSTNINGER
V_118,BET. DIR.UTLEGG RETTSGEBYR
V_119,BET. DEPOTOMKOSTNINGER
V_120,BET. BETALINGSOPPFORDR.OMK.
V_121,BET. TERMINOMK. AUT.BEL.U/OPPG
V_122,BET. TERMINOMK. AUT.BEL.M/OPPG
V_123,BET. FAKTURERINGSOMKOSTNINGER
V_124,BET. DIVERSEOMK. FRADRAGSB.
V_125,BETALING AV HENSTANDSRENTE
V_126,KAPITALISERING AV HENSTANDSRTE
V_127,BET. DIR. UTLEGG, ANDRE
V_128,ENDELIG ETTERGIVELSE AV SALDO
V_129,BETINGET ETTERGIVELSE AV SALDO
V_130,BETETALING ORDINÆR RENTE
V_131,BET.RENTE VED FOR SEN BETALING
V_132,DØDSRISIKO FORSIKRINGSPREMIE
V_133,INVALIDITETS FORSIKRINGSPREMIE
V_134,ULYKKES FORSIKRINGSPREMIE
V_135,BET. FORSINKELSESRENTE
V_136,BETALING AV OVERKURS
V_137,ENDRINGSOMKOSTNINGER
V_138,TERMINOMKOSTNINGER
V_139,DEPOTOMKOSTNINGER
V_140,BET.OPPFORDRINGSOMKOSTNINGER
V_141,TERMINOMK. AUT. BEL. U/OPPG.
V_142,TERMINOMK. AUT. BEL. M/OPPG.
V_143,FAKTURERINGSOMKOSTNINGER
V_144,DIVERSEOMKOSTN. FRADRAGSBER.
U_150,INNBETALING M/REG. AV BEV.
U_151,MINIBANK-UTTAK I FREMMED BANK
U_152,SALDOFORESPØRSEL MB EGEN BANK
U_153,SALDOFORESPØRSEL MB ANNEN BANK
U_154,AVSLUTNING TAPSFØRING
U_155,AUTO-GIRO
U_156,AVTALEGIRO
U_157,IGANGSATT AVTALEGIRO
U_158,BELASTNING AV VPS-GEBYRER
U_159,GIROBET. TIL INNSAMLINGSKONTO
U_160,TELEGIROBETALING
U_161,TELEGIROBETALING PÅ FORFALL
U_162,TELEGIROOVERFØRSEL U/MELDING
U_163,TELEGIRO I DAG M/MELDING
U_164,TELEGIRO FREM I TID M/MELDING
U_167,TELEFONOVERFØRSEL
U_168,KONTOFONOVERFØRSEL
U_176,POSTERING BLOKKERT/SPERRET KTO
U_178,REG SALDO UNDERKTI TILL.BEV.
U_179,REG SALDO UNDERKTI ORD.BEV.
U_180,KORR HBOKF/IKKE HBOKF K. I KKS
U_181,JUSTERING DAGSOMS.VERDI I NOK
U_190,GIRO
U_191,GIRO
U_192,GIRO
U_193,DAGSOPPGJØR
U_194,VISA ELEKTRON
U_195,SWEEP OUT
U_196,SWEEP IN
U_200,NETTBANK OVERFØRSEL EGNE KONTI
U_201,NETTGIRO MED KID FORFALL I DAG
U_202,NETTGIRO M/KID PÅ FORFALLSREG.
U_203,NETTGIRO M/MELD. FORFALL I DAG
U_204,NETTGIRO M/MELD. PÅ FORFALL
U_205,NETTBANK
U_206,NETTBANKOVERFØRSEL
U_207,NETTBANKOVERFØRSEL
U_210,OVERFØRSEL EGNE KONTI NETTBANK
V_240,BETALT RENTE TRINN2
V_241,BETALT RENTE TRINN3
V_242,BETALT FORSKUDDSRENTE
V_243,BET. FORSKUDD FORSIKR.PREMIE
V_244,BET. FORSKUDD FORSIKR.PREMIE
V_245,BET. FORSKUDD FORSIKR.PREMIE
V_246,BETALING RENTETYPE 713
V_247,KAPITALISERING RENTETYPE 713
V_248,BETALING AVTELEGIROOMK.
V_249,BETALING RENTEGARANTI
V_250,ETABLERINGSOMKOSNINGER
V_251,DEPOT OMKOSTNINGER
V_252,DIVERSE OMKOSTNINGER
V_253,DIVERSE OMKOSNTINGER
V_254,DIREKTE UTLEGG RETTSGEBYR
V_255,DIREKTE UTLEGG ANDRE
V_260,OVERF. EGNE KONTI MOBILBANK
V_261,MOBILGIRO M/KID, FORF. I DAG
V_262,MOBILGIRO M/KID, TIL FORFALL
V_263,MOBILGIRO M/MELD. FORF. I DAG
V_264,MOBILGIRO M/MELD. TIL FORFALL
V_265,OVERF. EGNE KONTI MOBILBANK
V_266,OVERF. EGNE KONTI MOBILBANK
V_267,OVERF. EGNE KONTI MOBILBANK
V_280,REINVESTERT IPA AVTALE
V_281,TILBF. AV UTBET. BELØP I ÅR
V_282,TILBF. AV UTBET. BELØP I FJOR
V_300,RENTER
V_301,OVERFØRSEL UTLAND
V_302,GEBYRFRI OVERFØRSEL
V_303,DEPOSIT
V_304,KONTOREGULERING
V_305,ARBITRAGE
V_306,OVERFØRSEL INNENLANDS
V_307,AGIO
V_308,TILBAKEFØRING
V_309,TILBAKEFØRSEL SJEKKER
V_310,UTENLANDSK SJEKK
V_311,TERMINFORRETNING
V_312,GEBYR
V_313,KORREKSJON
V_314,BEKREFTET REMBURS
V_315,VEKSEL-INKASSO INNLAND
V_316,DOKUMENT-INKASSO INNLAND
V_317,DOKUMENT-INKASSO UTLAND
V_318,VEKSEL-INKASSO UTLAND
V_319,INKASSO
V_320,KJØP/SALG VALUTA
V_321,UBEKREFTET REMBURS
V_322,SAMSTOCK - 3. PARTS SYSTEM
V_323,RENTESWAP
V_324,RENTEVALUTASWAP
V_325,FUTURES
V_326,OPSJONER
V_327,DISKONT. & INNB. LÅN I SYSCON
V_407,ALARM VISAKORT
V_439,KONTOFON
R_318,VEKSEL-INKASSO UTLAND
R_319,INKASSO
R_320,KJØP/SALG VALUTA
R_321,UBEKREFTET REMBURS
R_322,SAMSTOCK - 3. PARTS-SYSTEM
R_323,RENTESWAP
R_324,RENTEVALUTASWAP
R_325,FUTURES
R_326,OPSJONER
R_327,DISKONT. & INNB. LÅN I SYSCON
R_500,NETTFAKTURA (E-FAKTURA)
R_501,AUTOMATISK E-FAKTURA
R_502,E-FAKTURA WAP M/KID
R_503,E-FAKTURA WAP M/MELDING
R_504,E-FAKTURA AVTALEGIRO
R_505,E-FAKT.AVTALEGIRO KREDITORBET.
R_510,KREDITORBETALT AVT.GIRO EFAKT
R_511,FINANSIELLE INSTRUMENTER
R_512,FONDSANDELER
R_513,LADING AV PENGEKORT
R_514,TILBAKEFØRING AV PENGEKORT
R_515,PENGEKORT, OPPGJØR VED BUTIKK
R_516,Varekjøp internett
R_517,Oppgjør internett
R_518,OPPRETTING RETUR
R_520,BEDRIFTSTERMINAL OPPGAVE
R_521,BEDRIFTSTERMINAL OVERFØRSEL
R_522,TILBAKEFØRT GIRO UTBETALING
R_530,SUMPOST OCR M/UNDERSPES.
R_540,VPAPIR
R_541,VPAPIR
R_542,VPAPIR
R_543,VPAPIR
R_580,INNBETALING TIL INNSKUDDSFOND
R_581,INNBETALING TIL MEDLEMMET IBP
R_600,KAP. AVT.GIRO.OMKOSTNING
R_601,KAPITALISERING RENTEGARANTI
R_701,MASTERCARD VAREKJØP
R_702,MASTERCARD KONTANTUTTAK
R_703,GJENSIDIGE BANK SPOR 2
R_704,GE KAPITAL
R_705,EUROSJEKK
R_708,VAREKJØP VERIFIED BY VISA
R_709,VARER
R_710,VARER
R_711,UTTAK UTEN DEKORT TID
R_712,EUROSJEKK
R_713,TILBAKEFØRT EUROSJEKK
R_714,VISA VARE
R_715,KONTANTUTTAK
R_716,INNSKUDD AJOURFØRT
R_717,UTTAK AJOURFØRT
R_718,MINIBANK
R_719,MINIBANK
R_720,ÅPNING AV KONTO
R_721,POST VAREKJØP
R_723,TILBAKEFØRSEL
R_724,VAREKJØP POSTBANKKORT
R_725,POSTKORT KONTANT
R_726,UTTAK UTEN GEBYR
R_727,UTTAK MED GEBYR
R_728,AVSLUTTNING UTEN GEBYR
R_729,AVSLUTTNING AV KONTO
R_730,OVERF. BRUKSDEL TIL SPAREDEL
R_731,OVERF. SPAREDEL TIL BRUKSDEL
R_732,INNSKUDD DIREKTE TIL SPAREDEL
R_733,TILBAKEFØR. DIR. TIL SPAREDEL
R_734,UTTAK DIR. FRA SPAREDEL
R_735,OVERFØRT TIL ANNEN KTO
R_736,OVERF. SPAREDEL TIL ANNEN KTO.
R_737,INNSKUDD PÅ KONTO ÅPN. I SERVO
R_739,BELASTET KONTO ETTER AVTALE
R_740,DØDSRISIKOFORSIKRING
R_741,INVALIDITETSFORSIKRINGSPREMIE
R_742,ULYKKESFORSIKRINGSPREMIE
R_743,DEBETRENTER
R_744,DEBETRENTER
R_745,KREDITRENTER
R_746,PROVISJON
R_747,KAPITALISERING RENTE TRINN 2
R_748,DEBETRENTER
R_749,DEBETRENTER
R_750,DEBETRENTER
R_751,DEBETRENTER
R_752,BRUKSRENTER
R_753,TRAPPERENTE 1
R_754,SPARERENTE
R_755,HØYRENTE
R_756,TILLEGGSPROVISJON
R_757,UTNYTTELSESPROVISJON
R_758,OVERTREKKSPROVISJON
R_759,ORDINÆRPROVISJON
R_760,GEBYR
R_761,VISA TRANSAKSJONSGEBYR
R_762,ÅRSPRIS PREMIER CARD
R_763,GARANTIPROVISJON
R_764,MOMS
R_767,TRAPPERENTE 4
R_769,OMKOSTNINGER
R_770,SALDO OVERFØRSEL
R_771,SALDO OVERFØRSEL
R_772,AVREGNING
R_773,KORREKSJON SALDO AVREGNINGSKTO
R_774,KORREKSJON SALDO
R_775,KORREKSJON SALDO
R_776,KAPITAISERING AV RENTE TRINN 3
R_777,DUPLISIERING AV CM/KKS TRANSER
R_778,GEBYR MOT ANNEN KONTO
R_779,FRADRAGSBER. GEBYR ANNEN KONTO
R_790,OVERTREKKSRENTE
R_791,BASISRENTE
R_792,UTTAKSGEBYR FASTRENTEINNSKUDD
R_793,FLER-KONTO-RENTE 1
R_794,ÅRSBONUS
R_795,UTTAKSGEBYR
U_716,INNSKUDD AJOURFØRT
U_717,UTTAK AJOURFØRT
U_718,MINIBANK
U_719,MINIBANK
U_720,ÅPNING AV KONTO
U_721,POST VAREKJØP
U_722,XTRA-ORD. INNB. M.REG. AV BEV.
U_723,TILBAKEFØRSEL
U_724,VAREKJØP POSTBANKKORT
U_725,POSTKORT KONTANT
U_726,UTTAK UTEN GEBYR
U_727,UTTAK MED GEBYR
U_728,AVSLUTTNING UTEN GEBYR
U_729,AVSLUTTNING AV KONTO
U_735,OVERFØRT TIL ANNEN KTO
U_736,OVERFØRT TIL ANNEN KTO
U_737,INNSKUDD PÅ KONTO ÅPN. I SERVO
U_739,BELASTET KONTO ETTER AVTALE
U_740,FORSIKRINGS-PREMIE
U_741,PREMIE INVALIDITETS-FORSIKRING
U_742,PREMIE ULYKKESFORSIKRING
U_743,FORSIKRINGS-PROVISJON
U_744,DEBETRENTER
U_745,KREDITRENTER
U_746,PROVISJON
U_747,ORDINÆR RENTE TRINN 2
U_748,ORDINÆR RENTE TRINN 3
U_749,DEBETRENTER
U_750,RENTE
U_751,DEBETRENTER
U_752,BRUKSRENTER
U_753,TRAPPERENTE 1
U_754,TRAPPERENTE 2
U_755,TRAPPERENTE 3
U_756,TILLEGGSPROVISJON
U_757,UTNYTTELSESPROVISJON
U_758,OVERTREKKSPROVISJON
U_759,ORDINÆRPROVISJON
U_760,GEBYR
U_761,VISA TRANSAKSJONSGEBYR
U_762,ÅRSPRIS PREMIER CARD
U_763,ETABLERINGSOMKOSTNINGER
U_764,MOMS
U_765,ETABLERINGSOMKOSTNINGER
U_766,FORSIKRINGSPROVISJON
U_767,TRAPPERENTE 4
U_768,OMKOSTNINGER
U_769,OMKOSTNINGER
U_770,OVERFØRSEL
U_771,SALDO OVERFØRSEL
U_772,AVREGNING
U_773,KORREKSJON SALDO AVREGNINGSKTO
U_774,KORREKSJON
U_775,KORREKSJON SALDO
U_776,TRAPPERENTE 5
U_778,GEBYR MOT ANNEN KONTO
U_779,FRADRAGSBER. GEBYR ANNEN KONTO
U_791,FLER-KONTO-RENTE 2
U_792,UTTAKSGEBYR FASTRENTEINNSKUDD
U_793,FLER-KONTO-RENTE 1
U_794,ÅRSBONUS
U_795,UTTAKSGEBYR
U_796,UTNYTTELSESPROVISJON-2
U_797,OVER/UNDERKURS FASTRENTEINNSK.
U_798,BONUSRENTE
U_799,FLER-KONTO-RENTE 3
U_800,REGULERING RENTE SEN BETALING
U_801,REGULERING FORSINKELSESRENTE
U_802,REGULERING AV HENSTANDSRENTE
R_087,UTENLANDSK KORT I NORGE
R_088,OVERF. OPPGJØR FRA BET.TERM.
R_089,OVERF. OPPGJØR FRA BET.TERM.
R_090,INTERIMSTRANSER
R_091,AVREGNING TEAMCO/BBS
R_092,UTTREKK FRA VPS
R_093,MINIBANK GIRO
R_094,MINIBANK-UTTAK
R_095,MINIBANK OVERFøRING
R_096,MINIBANK OVERFøRING
R_097,MINIBANK OVERFøRING
R_099,MINIBANK OVERFØRING TIL 3.PART
R_101,FORFALLS-GIRO
R_102,FORFALLS-GIRO FRA GIROKASSE
R_103,FORFALLS-GIRO POSTGIRO
R_104,FORFALLS-GIRO UTBETALINGS-ANV.
R_105,OPPDRAG PÅ FORFALLSDATO
R_106,OVERFØRING PÅ FORFALLSDATO
R_150,INNBETALING M. REG. BEVILGNING
R_151,MINIBANK-UTTAK I FREMMED BANK
R_152,SALDOFORESPØRSEL MB EGEN BANK
R_153,SALDOFORESPØRSEL MB ANNEN BANK
R_154,TAPSØRING, AVSL. AV KONTO
R_155,AUTO-GIRO
R_156,AVTALEGIRO
R_157,IGANGSATT AVTALEGIRO
R_158,BELASTNING AV VPS-GEBYRER
R_159,GIROBET. TIL INNSAMLINGSKONTO
R_160,TELEGIROBETALING
R_161,TELEGIROBETALING PÅ FORFALL
R_162,TELEGIROOVERFØRSEL U/MELDING
R_163,TELEGIRO I DAG M/MELDING
R_164,TELEGIRO FREM I TID M/MELDING
R_165,OVERFØRSEL M.MELD. FRA DSGR
R_166,OVERFØRSEL M.MELD. FRA SPARNET
R_167,OVERF. MELLOM EGNE KONTI FORF.
R_168,OVERF. PREDEF. 3.MANN V. FORF.
R_170,AVVIKSGEBYR FOR HENSTAND
R_171,AVVIKSGEBYR FOR OVERHOPP
R_172,BETALINGSOPPFORDRINGSGEBYR
R_173,VARSELGEBYR AUTO BELAST M.OPPG
R_174,VARSELGEBYR AUTO BELASTNING
R_175,RENTE VED FOR SEN BETALING
R_176,POSTERING BLOKKERT/SPERRET KTO
R_178,REG SALDO UNDERKTI TILL.BEV.
R_179,REG SALDO UNDERKTI ORD.BEV.
R_180,KORR HBOKF/IKKE HBOKF K. I KKS
R_181,JUSTERING DAGSOMS.VERDI I NOK
R_190,GIRO
R_191,GIRO
R_192,GIRO
R_193,DAGSOPPGJØR
R_194,VISA ELEKTRON
R_195,SWEEP OUT
R_196,SWEEP IN
R_200,NETTBANK OVERFØRSEL EGNE KONTI
R_201,NETTGIRO MED KID FORFALL I DAG
R_202,NETTGIRO M/KID PÅ FORFALLSREG.
R_203,NETTGIRO M/MELD. FORFALL I DAG
R_204,NETTGIRO M/MELD. PÅ FORFALL
R_205,OVERFØRING EGNE KONTI VIA FORF
R_206,OVERFØRSEL PREDEF. TREDJEMANN
R_207,OVERF. PREDEF. TREDJEM. V.FORF
R_210,OVERFØRSEL EGNE KONTI NETTBANK
R_211,REGNINGSBETALING M/KID I DAG
R_212,REGNINGSBETALING M/KID FORFDTO
R_213,GIRO M/MELDING I DAG
R_214,GIRO M/MELDING M/FORFALLSDATO
R_220,ALTERNATIV FORDELING
R_221,INGEN FORDELING
R_222,ORDINÆR FORDELING
R_223,ALTERNATIV FORDELING
R_224,FLYTTING INNEN SPAREAVTALE
R_225,INNLØSNING I FOND
R_226,UTBETALT FRA SPAREAVTALE
R_227,REINVESTERING IPA AVTALE
R_228,FJORÅRETS INNSKUDD IPA
R_229,TILBAKEF AV FJORÅRETS INNSKUDD
R_230,OVERFØRING AV IPA
R_231,AVSL IPA, DØDSFALL, ENGANGSUTB
R_232,RATEUTBETALINGER IPA
R_233,TILBAKEFØRING AV KAP. RENTER
R_234,TILBAKEFØRING AV KAP. GEBYRER
R_235,FLYTTING AV IPA
R_236,FLYTTING AV IPA - BEGUNSTIGET
R_237,INNSKUDD I UTBET. PERIODE IPA
R_238,ARVEOPPGJØR TIL BEGUNSTIGET
R_239,INNSKUDD I FJOR
R_250,ETABLERINGSOMKOSNINGER
R_251,DEPOT OMKOSTNINGER
R_252,DIVERSE OMKOSTNINGER
R_253,DIVERSE OMKOSNTINGER
R_254,DIREKTE UTLEGG RETTSGEBYR
R_255,DIREKTE UTLEGG ANDRE
R_260,OVERF. EGNE KONTI MOBILBANK
R_261,MOBILGIRO M/KID, FORF. I DAG
R_262,MOBILGIRO M/KID, TIL FORFALL
R_263,MOBILGIRO M/MELD. FORF. I DAG
R_264,MOBILGIRO M/MELD. TIL FORFALL
R_265,OVERF. EGNE KONTI MOBILBANK
R_266,OVERF. EGNE KONTI MOBILBANK
R_267,OVERF. EGNE KONTI MOBILBANK
R_280,REINVESTERT IPA AVTALE
R_281,TILBAKEFØRING UTBET. BEL. I ÅR
R_282,TILBAKEFØR. UTBET. BEL. I FJOR
R_300,RENTER
R_301,OVERFØRSEL UTLAND
R_302,GEBYRFRI OVERFØRSEL
R_303,DEPOSIT
R_304,KONTOREGULERING
R_305,ARBITRAGE
R_306,OVERFØRSEL INNENLANDS
R_307,AGIO
R_308,TILBAKEFØRING
R_309,TILBAKEFØRSEL SJEKKER
R_310,UTENLANDSK SJEKK
R_311,TERMINFORRETNING
R_312,GEBYR
R_313,KORREKSJON
R_314,BEKREFTET REMBURS
R_315,VEKSEL-INKASSO INNLAND
R_316,DOKUMENT-INKASSO INNLAND
R_317,DOKUMENT-INKASSO UTLAND
_001 ,INNBETALING
_002 ,UTBETALING
_003 ,SJEKK
_004 ,GIRO
_005 ,INKASSO
_006 ,DISKONTERING
_007 ,I FØLGE OPPGAVE
_008 ,GODSKREVET KONTO ETTER AVTALE
_009 ,TILBAKEFØRING
_010 ,GIRO
_011 ,INNSKUDD
_012 ,UTTAK
_013 ,LØNN
_014 ,OVERFØRSEL
_015 ,VALUTA
_016 ,SKATT
_017 ,LODD/GEVINST
_018 ,HUSLEIE
_019 ,TILBAKEFØRT FORSKUTTERT SKATT
_020 ,MANUELL OVERFØRSEL EGNE KONTI
_021 ,MANUELL OVERFØRSEL 3. MANN
_022 ,DAGSOPPGJØR
_023 ,INNSKUDD AUTOMAT
_024 ,OVERFØRING FRA UTLANDET
_025 ,KONTIGENT
_026 ,AUTO-GIRO, KREDITORBETALT
_027 ,MOMS/AVGIFT
_028 ,TRYGD
_029 ,KUPONGER
_030 ,PENSJON
_031 ,HYRETREKK
_032 ,LANDBRUK
_033 ,E-VERK
_034 ,TELEFON
_035 ,FORSIKRING
_036 ,LÅN
_037 ,FORVALTNING
_038 ,TINGLYSNING
_039 ,BOKSLEIE
_040 ,VERDIPAPIR
_041 ,INNSKUDD UTEN SPAREAVTALE
_050 ,RENTER
_051 ,PROVISJON
_053 ,PRIS
_054 ,OMKOSTNINGER
_055 ,BARNETRYGD
_056 ,AVTALE
_057 ,SAMLEGIRO
_058 ,GIRO
_059 ,BANKREMISSE
_060 ,MEG SELV SJEKK
_061 ,NATTSAFE
_062 ,OVERFØRSEL KONTOFON
_063 ,EKSPRESSGIRO - PRIVATKUNDER
_064 ,EKSPRESSGIRO - NÆRINGSLIVET
_065 ,BSU-INNSKUDD FOR IFJOR
_066 ,OVERFØRSEL KONTOFON TIL 3.PART
_067 ,GIRO BLANKETT
_068 ,VARER
_069 ,UTTAK
_070 ,ADVISERT GIRO
_073 ,VAREKJØP
_074 ,VISA-MINIBANKUTTAK
_075 ,VISA-MINIBANKUTTAK
_076 ,VISA-VAREKJØP
_077 ,VISA-KONTANTUTTAK
_078 ,EUROCARD
_079 ,GIRO I MINIBANK
_080 ,DIREKTE DEBITERING
_081 ,DIREKTE DEBITERING
_082 ,DIREKTE DEBITERING
_083 ,DIREKTE DEBITERING
_084 ,SUMPOST OCR-GIRO
_085 ,SUMPOST AUTO-GIRO
_086 ,MINIBANK UTLAND
_087 ,UTENLANDSK KORT I NORGE
_088 ,OVERF. OPPGJØR FRA BET.TERM.
_089 ,OVERF. OPPGJØR FRA BET.TERM.
_090 ,INTERIMSTRANSER
_091 ,AVREGNING TEAMCO/BBS
_092 ,UTTREKK FRA VPS
_093 ,MINIBANK GIRO
_094 ,MINIBANK-UTTAK
_095 ,MINIBANK OVERFøRING
_096 ,MINIBANK OVERFøRING
_097 ,MINIBANK OVERFøRING
_099 ,MINIBANK OVERFØRING TIL 3.PART
_101 ,FORFALLS-GIRO
_102 ,FORFALLS-GIRO FRA GIROKASSE
_103 ,FORFALLS-GIRO POSTGIRO
_104 ,FORFALLS-GIRO UTBETALINGS-ANV.
_105 ,OPPDRAG PÅ FORFALLSDATO
_106 ,OVERFØRING PÅ FORFALLSDATO
_110 ,BETALING TERMINOMKOSTNINGER
_111 ,BETALING TERMINOMKOSTNINGER
_113 ,BET. DIVERSEOMKOSTNINGER
_114 ,BET. 1.GANGS PURREOMKOSTNINGER
_115 ,BET. 2.GANGS PURREOMKOSTNINGER
_116 ,BET. 3.GANGS PURREOMKOSTNINGER
_117 ,BET. ENDRINGSOMKOSTNINGER
_118 ,BET. DIR.UTLEGG RETTSGEBYR
_119 ,BET. DEPOTOMKOSTNINGER
_120 ,BET. BETALINGSOPPFORDR.OMK.
_121 ,BET. TERMINOMK. AUT.BEL.U/OPPG
_122 ,BET. TERMINOMK. AUT.BEL.M/OPPG
_123 ,BET. FAKTURERINGSOMKOSTNINGER
_124 ,BET. DIVERSEOMK. FRADRAGSB.
_125 ,BETALING AV HENSTANDSRENTE
U_514,TILBAKEFØRING AV PENGEKORT
U_515,PENGEKORT, OPPGJØR VED BUTIKK
U_518,TILBAKEFØRT AVSENDER
U_520,BEDRIFTSTERMINAL OPPGAVE
U_521,BEDRIFTSTERMINAL OVERFØRSEL
U_522,TILBAKEFØRT GIRO UTBETALING
U_530,SUMPOST OCR M/UNDERSPES.
U_580,INNBETALING TIL INNSKUDDSFOND
U_581,INNBETALING TIL MEDLEMMET IBP
U_600,KAPITALISERT AVTALEGIROOMK.
U_601,KAPITALISERT RENTEGARANTI
U_701,MASTERCARD VAREKJØP
U_702,MASTERCARD KONTANTUTTAK
U_703,GJENSIDIGE BANK SPOR2
U_704,GJENSIDIGE KAPITAL SPOR 2
U_705,EUROSJEKK
U_707,DINERS
U_708,VAREKJØP VERIFIED BY VISA
U_709,VARER
U_710,VARER
U_712,EUROSJEKK
U_713,TILBAKEFØRT EUROSJEKK
U_714,VISA VARE
U_715,KONTANTUTTAK
R_270,SMS BETALING
R_271,SMS OVERFØRING
E_001,KONTOREGULERING
E_002,BETALING MED KID
E_003,UTBETALINGSANVISNING
E_004,BETALING MED MELDING
E_005,LØNNSUTBETALING
E_006,UTLANDSBETALING
E_007,KONTOREG UTLAND
E_008,STRUKTURERT INFO
E_009,HASTEBETALING UTLAND
E_010,MASSEOVERFØRSEL
E_011,LADING
E_012,FIL
E_013,INNLAND EXPRESS
U_211,REGNINGSBETALING M/KID I DAG
U_212,REGNINGSBETALING M/KID FORFDTO
U_213,GIRO M/MELDING I DAG
U_214,GIRO M/MELDING M/FORFALLSDATO
U_220,ALTERNATIV FORDELING
U_221,INGEN FORDELING
U_222,ORDINÆR FORDELING
U_223,ALTERNATIV FORDELING
U_224,FLYTTING INNEN SPAREAVTALE
U_225,INNLØSNING I FOND
U_226,UTBETALT FRA SPAREAVTALE
U_227,REINVESTERING IPA AVTALE
U_228,FJORÅRETS INNSKUDD IPA
U_229,TILBAKEF AV FJORÅRETS INNSKUDD
U_230,OVERFØRING AV IPA
U_231,AVSL IPA, DØDSFALL, ENGANGSUTB
U_232,RATEUTBETALINGER IPA
U_233,TILBAKEFØRING AV KAP. RENTER
U_234,TILBAKEFØRING AV KAP. GEBYRER
U_235,FLYTTING AV IPA
U_236,FLYTTING AV IPA - BEGUNSTIGET
U_237,INNSKUDD I UTBETALINGSPERIODEN
U_238,ARVEOPPGJØR TIL BEGUNSTIGET
U_239,INNSKUDD I FJOR
U_240,ORDINÆR RENTE TRINN 2
U_241,ORDINÆR RENTE TRINN 3
U_242,BETALT FORSKUDDSRENTE
U_243,BET. FORSKUDD FORSIKR.PREMIE
U_244,BET. FORSKUDD FORSIKR.PREMIE
U_245,BET. FORSKUDD FORSIKR.PREMIE
U_246,BETALING RENTETYPE 713
U_247,KAPITALISERING RENTETYPE 713
U_248,BETALING AVTALEGIROOMKOSTNING
U_249,BETALING RENTEGARANTI
U_250,ETABLERINGSOMKOSNINGER
U_251,DEPOT OMKOSTNINGER
U_252,DIVERSE OMKOSTNINGER
U_253,DIVERSE OMKOSNTINGER
U_254,DIREKTE UTLEGG RETTSGEBYR
U_255,DIREKTE UTLEGG ANDRE
U_260,OVERF. EGNE KONTI MOBILBANK
U_261,MOBILGIRO M/KID, FORF. I DAG
U_262,MOBILGIRO M/KID, TIL FORFALL
U_263,MOBILGIRO M/MELD. FORF. I DAG
U_264,MOBILGIRO M/MELD. TIL FORFALL
U_265,OVERF. EGNE KONTI MOBILBANK
U_266,OVERF. EGNE KONTI MOBILBANK
U_267,OVERF. EGNE KONTI MOBILBANK
U_280,REINVESTERT IPA AVTALE
U_281,TILBF. AV UTBET. BELØP I ÅR
U_282,TILBF. AV UTBET. BELØP I FJOR
U_300,RENTER
U_301,OVERFØRSEL UTLAND
U_302,GEBYRFRI OVERFØRSEL
U_303,DEPOSIT
U_304,KONTOREGULERING
U_305,ARBITRAGE
U_306,OVERFØRSEL INNENLANDS
U_307,AGIO
U_308,TILBAKEFØRING
U_309,TILBAKEFØRSEL SJEKKER
U_310,UTENLANDSK SJEKK
U_311,TERMINFORRETNING
U_312,GEBYR
U_313,KORREKSJON
U_314,BEKREFTET REMBURS
U_315,VEKSEL-INKASSO INNLAND
U_316,DOKUMENT-INKASSO INNLAND
U_317,DOKUMENT-INKASSO UTLAND
U_318,VEKSEL-INKASSO UTLAND
U_319,INKASSO
U_320,KJØP/SALG VALUTA
U_321,UBEKREFTET REMBURS
U_323,RENTESWAP
U_324,RENTEVALUTASWAP
U_325,FUTURES
U_326,OPSJONER
U_327,DISKONT. & INNB. LÅN I SYSCON
U_407,ALARM VISAKORT
U_439,KONTOFON
U_500,E-FAKTURA NETTBANK M/KID
U_501,E-FAKTURA NETTBANK M/MELDING
U_502,E-FAKTURA WAP M/KID
U_503,E-FAKTURA WAP M/MELDING
U_504,E-FAKTURA AVTALEGIRO
U_505,E-FAKT.AVTALEGIRO KREDITORBET.
V_500,E-FAKTURA NETTBANK M/KID
V_501,E-FAKTURA NETTBANK M/MELDING
V_502,E-FAKTURA WAP M/KID
V_503,E-FAKTURA WAP M/MELDING
V_504,E-FAKTURA AVTALEGIRO
V_505,E-FAKT.AVTALEGIRO KREDITORBET.
V_510,KREDITORBETALT AVTALEGIRO
V_511,FINANS.INSTRUMENT(AKSJEHANDEL)
V_512,FONDSANDELER
V_513,LADING AV PENGEKORT
V_514,TILBAKEFØRING AV PENGEKORT
V_515,PENGEKORT, OPPGJØR VED BUTIKK
V_518,TILBAKEFØRT AVSENDER
V_520,BEDRIFTSTERMINAL OPPGAVE
V_521,BEDRIFTSTERMINAL OVERFØRSEL
V_522,TILBAKEFØRT GIRO UTBETALING
V_530,SUMPOST OCR M/UNDERSPES.
V_580,INNBETALING TIL INNSKUDDSFOND
V_581,INNBETALING TIL MEDLEMMET IBP
V_600,KAPITALISERT AVTALEGIROOMK.
V_601,KAPITALISERT RENTEGARANTI
V_701,MASTERCARD VAREKJØP
V_702,MASTERCARD KONTANTUTTAK
V_703,GJENSIDIGE BANK SPOR2
V_704,GJENSIDIGE KAPITAL SPOR 2
V_705,EUROSJEKK
V_707,DINERS
V_708,VAREKJØP VERIFIED BY VISA
V_709,VARER
V_710,VARER
V_712,EUROSJEKK
V_713,TILBAKEFØRT EUROSJEKK
V_714,VISA VARE
V_715,KONTANTUTTAK
V_716,INNSKUDD AJOURFØRT
V_717,UTTAK AJOURFØRT
V_718,MINIBANK
V_719,MINIBANK
V_720,ÅPNING AV KONTO
V_721,POST VAREKJØP
V_723,TILBAKEFØRSEL
V_724,VAREKJØP POSTBANKKORT
V_725,POSTKORT KONTANT
V_726,UTTAK UTEN GEBYR
V_727,UTTAK MED GEBYR
V_728,AVSLUTTNING UTEN GEBYR
V_729,AVSLUTTNING AV KONTO
V_735,OVERFØRT TIL ANNEN KTO
V_736,OVERFØRT TIL ANNEN KTO
V_737,INNSKUDD PÅ KONTO ÅPN. I SERVO
V_739,BELASTET KONTO ETTER AVTALE
V_743,DEBETRENTER
V_744,DEBETRENTER
V_745,KREDITRENTER
V_746,PROVISJON
V_747,DEBETRENTER
V_748,DEBETRENTER
V_749,DEBETRENTER
V_750,RENTER
V_751,RENTER BEREGNET ANNEN KONTO
V_752,BRUKSRENTER
V_753,TRAPPERENTE 1
V_754,TRAPPERENTE 2
V_755,TRAPPERENTE 3
V_756,TILLEGGSPROVISJON
V_757,UTNYTTELSESPROVISJON
V_758,OVERTREKKSPROVISJON
V_759,ORDINÆRPROVISJON
V_760,GEBYR
V_761,VISA TRANSAKSJONSGEBYR
V_762,ÅRSPRIS PREMIER CARD
V_763,GARANTIPROVISJON
V_764,MOMS
V_765,ETABLERINGSOMKOSTNINGER
V_766,FORSIKRINGSPROVISJON
V_767,TRAPPERENTE 4
V_768,PURREOMKOSTNINGER
V_769,OMKOSTNINGER
V_770,SALDO OVERFØRSEL
V_771,SALDO OVERFØRSEL
V_772,AVREGNING
V_773,KORREKSJON SALDO AVREGNINGSKTO
V_774,KORREKSJON SALDO
V_775,KORREKSJON SALDO
V_776,TRAPPERENTE 5
V_778,GEBYR MOT ANNEN KONTO
V_779,FRADRAGSBER. GEBYR ANNEN KONTO
V_791,FLER-KONTO-RENTE 2
V_792,UTTAKSGEBYR FASTRENTEINNSKUDD
V_793,FLER-KONTO-RENTE 1
V_794,ÅRSBONUS
V_795,UTTAKSGEBYR
V_796,UTNYTTELSESPROVISJON-2
V_797,OVER/UNDERKURS FASTRENTEINNSK.
V_798,BONUSRENTE
V_799,FLER-KONTO-RENTE 3
V_800,REGULERING RENTE SEN BETALING
V_801,REGULERING FORSINKELSESRENTE
V_802,REGULERING AV HENSTANDSRENTE
V_803,ENDELIG ETTERG. ORDINÆR RENTE
V_804,ENDELIG ETTERG. FORSINK.RENTE
V_805,BETINGET ETTERG. ORDINÆR RENTE
V_806,BETINGET ETTERG. FORSINK.RENTE
V_807,REGULERING RENTE TRINN 2
V_808,REGULERING RENTE TRINN 3
V_809,DIREKTE KOSTNAD
V_843,REGULERING DEBETRENTE
V_845,REGULERING DEBETRENTE
V_846,REGULERING DEBETRENTE
V_847,REGULERING DEBETRENTE
V_848,REGULERING DEBETRENTE
V_849,REGULERING DEBETRENTE
V_850,RENTER
V_851,RENTER BEREGNET ANNEN KONTO
V_852,REGULERING KREDIT RENTE
V_853,REGULERING KREDIT RENTE
V_854,REGULERING KREDIT RENTE
V_855,REGULERING KREDIT RENTE
V_856,REGULERING PROVISJON
V_857,REGULERING PROVISJON
V_858,REGULERING PROVISJON
V_859,REGULERING PROVISJON
V_860,REGULERING RENTESTØTTE/GEBYR
V_861,REGULERT RENTEGARANTI
V_867,REGULERING KREDIT RENTE
V_870,KORREKSJON BEVILGNING
V_871,REGULERING MAKSIMALT OVERTREKK
V_872,UTTAK
V_876,REGULERING KREDIT RENTE
V_878,KORR. TILL.BEV.
V_879,KORR. ORD.BEV.
V_888,KORT-TRANSAKSJONER
V_891,FLER-KONTO-RENTE
V_892,UTTAKSGEBYR FASTRENTEINNSKUDD
V_893,FLER-KONTO-RENTE
V_895,UTTAKSGEBYR
V_896,PROVISJON
V_897,OVER/UNDERKURS FASTRENTEINNSK.
V_898,BONUSRENTE
V_899,FLER-KONTO-RENTE
V_901,INNBETALING
V_902,UTBETALING
V_903,SJEKK
V_904,GIRO
V_905,INKASSO
V_909,TILBAKEFØRSEL
V_911,INNSKUDD
V_912,UTTAK
V_913,LØNN
V_914,OVERFØRSEL
V_921,BEKREFTELSE SJEKK
V_922,BEKREFTELSE MINIBANK
V_923,BEKREFTELSE POS
V_924,BEKREFTELSE UTTAK
V_925,BEKREFTELSE GIRO
V_930,BEKREFTELSE GIRO (AUTOGIRO)
V_931,BEKREFTELSE GIRO (PRIVAT)
V_932,DIREKTE REMITTERINGER
V_933,BEKREFTELSE BETALINGSSERVICE
V_938,MINIBANK BBS BEKREFTELSE
V_939,PENGEKORT BEKREFTELSE BALTUS
V_941,BEKREFTELSE MBUTTAK UTLAND
V_942,TBF. BEKREFTELSE MBUTT. UTLAND
V_943,BEKREFTELSE BANKAXEPT
V_944,BEKR. BELØP VERDIPAPIRHANDEL
V_946,BEKREFTELSE VISA
V_947,BEKREFTELSE EUROCARD
V_949,TILBAKEFØRSEL BEKREFTELSE VISA
V_950,BEKREFTELSE VALUTA
R_796,UTNYTTELSESPROVISJON-2
R_797,OVER/UNDERKURS FASTRENTEINNSK.
R_798,BONUSRENTE
R_799,FLER-KONTO-RENTE 3
R_809,Direkte kostnader
R_843,REGULERING DEBETRENTE
R_845,DØDSRISIKOPREMIE
R_846,UFØREKAPITALPREIME
R_847,ULYKKESFORSIKRING
R_848,REGULERING DEBETRENTE
R_849,REGULERING DEBETRENTE
R_850,DEBETRENTESALDO TERSKELRENTE
R_851,REGULERING DEBETRENTE
R_852,REGULERING KREDIT RENTE
R_853,REGULERING KREDIT RENTE
R_854,KREDIT SPARERENTE
R_855,HØYRENTE
R_856,REGULERING PROVISJON
R_857,REGULERING PROVISJON
R_858,REGULERING PROVISJON
R_859,REGULERING PROVISJON
R_860,RENTEREGULERING RENTESTØTTE
R_861,REGULERING RENTEGARANTI
R_865,ORD. BEVILGNING I RK
R_866,TILLEGGSBEVILGINING I RK
R_867,REGULERING KREDIT RENTE
R_870,REGULERING RENTEHISTORIKK RK
R_871,REGULERING AV MAKSIMALT OVERTR
R_872,UTTAK
R_873,REGULERING AV FORFALT BELØP
R_874,SALDO-OVERF. KONV TIL RK
R_876,REGULERING KREDIT RENTE
R_878,KORR. TILL.BEV.
R_879,KORR. ORD.BEV.
R_891,FLER-KONTO-RENTE
R_892,UTTAKSGEBYR FASTRENTEINNSKUDD
R_893,FLER-KONTO-RENTE
R_895,UTTAKSGEBYR
R_896,PROVISJON
R_897,OVER/UNDERKURS FASTRENTEINNSK.
R_898,BONUSRENTE
R_899,FLER-KONTO-RENTE
R_901,INNBETALING
R_902,UTBETALING
R_903,SJEKK
R_904,GIRO
R_905,INKASSO
R_909,TILBAKEFØRSEL
R_911,INNSKUDD
R_912,UTTAK
R_913,LØNN
R_914,OVERFØRSEL
R_921,BEKREFTELSE SJEKK
R_922,BEKREFTELSE MINIBANK
R_923,BEKREFTELSE POS
R_924,BEKREFTELSE UTTAK
R_925,BEKREFTELSE GIRO
R_926,Bekreftelse valuta i BALTUS
R_927,Bekreftelse finin. i BALTUS
R_928,Bekreftelse bedriftsterminal
R_930,BEKREFTELSE GIRO (AUTOGIRO)
R_931,BEKREFTELSE GIRO (PRIVAT)
R_932,DIREKTE REMITTERINGER
R_933,BEKREFTELSE BETALINGSSERVICE
R_937,Bekreftelse varekjøp internett
R_938,MINIBANK BBS BEKREFTELSE
R_939,PENGEKORT BEKREFTELSE BALTUS
R_941,BEKREFTELSE MBUTTAK UTLAND
R_942,TBF. BEKREFTELSE MBUTT. UTLAND
R_943,BEKREFTELSE BANKAXEPT
R_944,VERDIPAPIRHANDEL
R_945,VERDIPAPIRHANDEL BNP/BRIDGE
R_946,BEKREFTELSE VISA
R_947,BEKREFTELSE EUROCARD
R_948,Tbakeført bekreftelse BALTUS
R_949,TILBAKEFØRSEL BEKREFTELSE VISA
R_950,BEKREFTELSE VALUTA
R_951,Innskuddspensjon
U_001,INNBETALING
U_002,UTBETALING
U_003,SJEKK
U_004,GIRO
U_005,INKASSO
U_006,DISKONTERING
U_007,OPPGAVE
U_008,GODSKREVET KONTO ETTER AVTALE
U_009,TILBAKEFØRING
U_010,DEKORTFRI
U_011,INNSKUDD
U_012,UTTAK
U_013,LØNN
U_014,OVERFØRSEL
U_015,VALUTA
U_016,SKATT
U_017,LODD/GEVINST
U_018,HUSLEIE
U_019,TILBAKEFØRT FORSKUTTERT SKATT
U_020,MANUELL OVERFØRSEL EGNE KONTI
U_021,MANUELL OVERFØRSEL 3. MANN
U_022,DAGSOPPGJØR
U_023,INNSKUDD AUTOMAT
U_024,OVERFØRING FRA UTLANDET
U_025,KONTIGENT
U_026,AUTO-GIRO, KREDITORBETALT
U_027,MOMS/AVGIFT
U_028,Trygd/stønad
U_029,KUPONGER
U_030,PENSJON
U_031,HYRETREKK
U_032,LANDBRUK
U_033,E-VERK
U_034,TELEFON
U_035,FORSIKRING
U_036,LÅN
U_037,FORVALTNING
U_038,TINGLYSNING
U_039,BOKSLEIE
U_040,VERDIPAPIR
U_041,INNSKUDD UTEN SPAREAVTALE
U_050,RENTER
U_051,PROVISJON
U_053,PRIS
U_054,OMKOSTNINGER
U_055,BARNETRYGD
U_056,AVTALE
U_057,SAMLEGIRO
U_058,GIRO
U_059,BANKREMISSE
U_060,MEG SELV SJEKK
U_061,NATTSAFE
U_062,OVERFØRSEL KONTOFON
U_063,BREVGIRO
U_064,BREVGIRO
U_065,BSU-INNSKUDD FOR IFJOR
U_066,OVERFØRSEL KONTOFON TIL 3.PART
U_067,GIRO BLANKETT
U_068,VARER
U_069,UTTAK
U_070,ADVISERT GIRO
U_073,VAREKJØP
U_074,VISA-MINIBANKUTTAK
U_075,VISA-MINIBANKUTTAK
U_076,VISA-VAREKJØP
U_077,VISA-KONTANTUTTAK
U_078,EUROCARD
U_079,GIRO I MINIBANK
U_080,DIREKTE DEBITERING
U_081,DIREKTE DEBITERING
U_082,DIREKTE DEBITERING
U_083,DIREKTE DEBITERING
U_084,SUMPOST OCR-GIRO
U_085,SUMPOST AUTO-GIRO
U_086,MINIBANK UTLAND
U_087,UTENLANDSK KORT I NORGE
U_088,OVERF. OPPGJØR FRA BET.TERM.
U_089,OVERF. OPPGJØR FRA BET.TERM.
U_090,INTERIMSTRANSER
U_091,AVREGNING TEAMCO/BBS
U_092,UTTREKK FRA VPS
U_093,MINIBANK GIRO
U_094,MINIBANK-UTTAK
U_095,MINIBANK OVERFøRING
U_096,MINIBANK OVERFøRING
U_097,MINIBANK OVERFøRING
U_099,MINIBANK OVERFØRING TIL 3.PART
U_101,FORFALLS-GIRO
U_102,FORFALLS-GIRO FRA GIROKASSE
U_103,FORFALLS-GIRO POSTGIRO
U_104,FORFALLS-GIRO UTBETALINGS-ANV.
U_105,OPPDRAG PÅ FORFALLSDATO
U_106,OVERFØRING PÅ FORFALLSDATO
U_110,BETALING TERMINOMKOSTNINGER
U_111,BETALING TERMINOMKOSTNINGER
U_112,BETALING FORSIKRINGSPROVISJON
U_113,BET. DIVERSEOMKOSTNINGER
U_114,BET. 1.GANGS PURREOMKOSTNINGER
U_115,BET. 2.GANGS PURREOMKOSTNINGER
U_116,BET. 3.GANGS PURREOMKOSTNINGER
U_117,BET. ENDRINGSOMKOSTNINGER
U_118,BET. DIR.UTLEGG RETTSGEBYR
U_119,BET. DEPOTOMKOSTNINGER
U_120,BET. BETALINGSOPPFORDR.OMK.
U_121,BET. TERMINOMK. AUT.BEL.U/OPPG
U_122,BET. TERMINOMK. AUT.BEL.M/OPPG
U_123,BET. FAKTURERINGSOMKOSTNINGER
U_124,BET. DIVERSEOMK. FRADRAGSB.
U_125,BETALING AV HENSTANDSRENTE
U_126,KAPITALISERING AV HENSTANDSRTE
U_127,BET. DIR. UTLEGG, ANDRE
U_128,ENDELIG ETTERGIVELSE AV SALDO
U_129,BETINGET ETTERGIVELSE AV SALDO
U_130,BETETALING ORDINÆR RENTE
U_131,BET.RENTE VED FOR SEN BETALING
U_132,DØDSRISIKO FORSIKRINGSPREMIE
U_133,INVALIDITETS FORSIKRINGSPREMIE
U_134,ULYKKES FORSIKRINGSPREMIE
U_135,BET. FORSINKELSESRENTE
U_136,BETALING AV OVERKURS
U_137,ENDRINGSOMKOSTNINGER
U_138,TERMINOMKOSTNINGER
U_139,DEPOTOMKOSTNINGER
U_140,BET.OPPFORDRINGSOMKOSTNINGER
U_141,TERMINOMK. AUT. BEL. U/OPPG.
U_142,TERMINOMK. AUT. BEL. M/OPPG.
U_143,FAKTURERINGSOMKOSTNINGER
U_144,DIVERSEOMKOSTN. FRADRAGSBER.
U_145,DIVERSEOMKOSTN. IKKE FRADRAGSB
U_146,DIREKTE UTLEGG, RETTSGEBYR
U_147,RENTE VED FOR SEN BETALING
U_148,OVERKURS
U_149,DIREKTE UTLEGG, ANDRE
U_510,KREDITORBETALT AVTALEGIRO
U_511,FINANS.INSTRUMENT(AKSJEHANDEL)
U_512,FONDSANDELER
U_513,LADING AV PENGEKORT
